{
    "Float": {
        "_Metallic": 1,
        "_Smoothness": 1,
        "colossal_DecalLayerMask": 39,
        "_NormalOpacity": 2,
        "_MetallicOpacity": 1,
        "UiPriority": 202424
    },
    "Vector": {
        "colossal_MeshSize": {
            "x": 1,
            "y": 0.5,
            "z": 1.5,
            "w": 0
        },
        "colossal_TextureArea": {
            "x": 0,
            "y": 0,
            "z": 1,
            "w": 1
        }
    }
}


